Product code,Bureau of Meteorology station number,Year,Month,Mean maximum temperature (°C),Quality
IDCJAC0002,023034,1955,02,25.9,Y
IDCJAC0002,023034,1955,03,25.3,Y
IDCJAC0002,023034,1955,04,21.8,Y
IDCJAC0002,023034,1955,05,16.7,Y
IDCJAC0002,023034,1955,06,15.2,Y
IDCJAC0002,023034,1955,07,14.1,Y
IDCJAC0002,023034,1955,08,16.2,Y
IDCJAC0002,023034,1955,09,19.1,Y
IDCJAC0002,023034,1955,10,20.5,Y
IDCJAC0002,023034,1955,11,21.0,Y
IDCJAC0002,023034,1955,12,23.6,Y
IDCJAC0002,023034,1956,01,25.5,Y
IDCJAC0002,023034,1956,02,29.9,Y
IDCJAC0002,023034,1956,03,25.8,Y
IDCJAC0002,023034,1956,04,21.4,Y
IDCJAC0002,023034,1956,05,18.3,Y
IDCJAC0002,023034,1956,06,14.5,Y
IDCJAC0002,023034,1956,07,14.1,Y
IDCJAC0002,023034,1956,08,14.5,Y
IDCJAC0002,023034,1956,09,16.3,Y
IDCJAC0002,023034,1956,10,18.5,Y
IDCJAC0002,023034,1956,11,21.4,Y
IDCJAC0002,023034,1956,12,22.4,Y
IDCJAC0002,023034,1957,01,26.7,Y
IDCJAC0002,023034,1957,02,26.5,Y
IDCJAC0002,023034,1957,03,24.0,Y
IDCJAC0002,023034,1957,04,21.0,Y
IDCJAC0002,023034,1957,05,18.5,Y
IDCJAC0002,023034,1957,06,19.9,Y
IDCJAC0002,023034,1957,07,13.9,Y
IDCJAC0002,023034,1957,08,15.6,Y
IDCJAC0002,023034,1957,09,17.1,Y
IDCJAC0002,023034,1957,10,20.1,Y
IDCJAC0002,023034,1957,11,22.4,Y
IDCJAC0002,023034,1957,12,26.0,Y
IDCJAC0002,023034,1958,01,26.3,Y
IDCJAC0002,023034,1958,02,26.8,Y
IDCJAC0002,023034,1958,03,23.9,Y
IDCJAC0002,023034,1958,04,23.4,Y
IDCJAC0002,023034,1958,05,19.2,Y
IDCJAC0002,023034,1958,06,14.9,Y
IDCJAC0002,023034,1958,07,14.3,Y
IDCJAC0002,023034,1958,08,15.1,Y
IDCJAC0002,023034,1958,09,16.2,Y
IDCJAC0002,023034,1958,10,18.7,Y
IDCJAC0002,023034,1958,11,23.5,Y
IDCJAC0002,023034,1958,12,23.0,Y
IDCJAC0002,023034,1959,01,28.9,Y
IDCJAC0002,023034,1959,02,26.3,Y
IDCJAC0002,023034,1959,03,25.4,Y
IDCJAC0002,023034,1959,04,22.6,Y
IDCJAC0002,023034,1959,05,19.0,Y
IDCJAC0002,023034,1959,06,16.3,Y
IDCJAC0002,023034,1959,07,14.9,Y
IDCJAC0002,023034,1959,08,17.9,Y
IDCJAC0002,023034,1959,09,18.5,Y
IDCJAC0002,023034,1959,10,20.6,Y
IDCJAC0002,023034,1959,11,26.6,Y
IDCJAC0002,023034,1959,12,22.1,Y
IDCJAC0002,023034,1960,01,30.1,Y
IDCJAC0002,023034,1960,02,25.0,Y
IDCJAC0002,023034,1960,03,25.8,Y
IDCJAC0002,023034,1960,04,19.5,Y
IDCJAC0002,023034,1960,05,15.6,Y
IDCJAC0002,023034,1960,06,14.5,Y
IDCJAC0002,023034,1960,07,14.0,Y
IDCJAC0002,023034,1960,08,14.3,Y
IDCJAC0002,023034,1960,09,16.3,Y
IDCJAC0002,023034,1960,10,21.5,Y
IDCJAC0002,023034,1960,11,20.8,Y
IDCJAC0002,023034,1960,12,27.8,Y
IDCJAC0002,023034,1961,01,30.0,Y
IDCJAC0002,023034,1961,02,27.8,Y
IDCJAC0002,023034,1961,03,25.6,Y
IDCJAC0002,023034,1961,04,22.1,Y
IDCJAC0002,023034,1961,05,18.8,Y
IDCJAC0002,023034,1961,06,17.1,Y
IDCJAC0002,023034,1961,07,14.5,Y
IDCJAC0002,023034,1961,08,15.6,Y
IDCJAC0002,023034,1961,09,20.5,Y
IDCJAC0002,023034,1961,10,22.6,Y
IDCJAC0002,023034,1961,11,23.6,Y
IDCJAC0002,023034,1961,12,25.9,Y
IDCJAC0002,023034,1962,01,28.1,Y
IDCJAC0002,023034,1962,02,27.1,Y
IDCJAC0002,023034,1962,03,25.6,Y
IDCJAC0002,023034,1962,04,22.8,Y
IDCJAC0002,023034,1962,05,17.0,Y
IDCJAC0002,023034,1962,06,17.0,Y
IDCJAC0002,023034,1962,07,15.8,Y
IDCJAC0002,023034,1962,08,15.7,Y
IDCJAC0002,023034,1962,09,18.5,Y
IDCJAC0002,023034,1962,10,19.8,Y
IDCJAC0002,023034,1962,11,25.1,Y
IDCJAC0002,023034,1962,12,24.5,Y
IDCJAC0002,023034,1963,01,27.0,Y
IDCJAC0002,023034,1963,02,27.3,Y
IDCJAC0002,023034,1963,03,24.8,Y
IDCJAC0002,023034,1963,04,21.4,Y
IDCJAC0002,023034,1963,05,17.3,Y
IDCJAC0002,023034,1963,06,15.5,Y
IDCJAC0002,023034,1963,07,13.8,Y
IDCJAC0002,023034,1963,08,15.5,Y
IDCJAC0002,023034,1963,09,18.8,Y
IDCJAC0002,023034,1963,10,22.3,Y
IDCJAC0002,023034,1963,11,24.6,Y
IDCJAC0002,023034,1963,12,26.4,Y
IDCJAC0002,023034,1964,01,26.1,Y
IDCJAC0002,023034,1964,02,25.0,Y
IDCJAC0002,023034,1964,03,24.7,Y
IDCJAC0002,023034,1964,04,21.4,Y
IDCJAC0002,023034,1964,05,18.4,Y
IDCJAC0002,023034,1964,06,15.8,Y
IDCJAC0002,023034,1964,07,15.0,Y
IDCJAC0002,023034,1964,08,15.5,Y
IDCJAC0002,023034,1964,09,17.9,Y
IDCJAC0002,023034,1964,10,18.9,Y
IDCJAC0002,023034,1964,11,23.3,Y
IDCJAC0002,023034,1964,12,21.1,Y
IDCJAC0002,023034,1965,01,26.2,Y
IDCJAC0002,023034,1965,02,28.5,Y
IDCJAC0002,023034,1965,03,25.6,Y
IDCJAC0002,023034,1965,04,19.9,Y
IDCJAC0002,023034,1965,05,18.6,Y
IDCJAC0002,023034,1965,06,16.1,Y
IDCJAC0002,023034,1965,07,14.2,Y
IDCJAC0002,023034,1965,08,15.9,Y
IDCJAC0002,023034,1965,09,18.6,Y
IDCJAC0002,023034,1965,10,22.8,Y
IDCJAC0002,023034,1965,11,23.3,Y
IDCJAC0002,023034,1965,12,28.2,Y
IDCJAC0002,023034,1966,01,29.3,Y
IDCJAC0002,023034,1966,02,26.3,Y
IDCJAC0002,023034,1966,03,25.3,Y
IDCJAC0002,023034,1966,04,21.1,Y
IDCJAC0002,023034,1966,05,17.8,Y
IDCJAC0002,023034,1966,06,16.1,Y
IDCJAC0002,023034,1966,07,13.8,Y
IDCJAC0002,023034,1966,08,15.1,Y
IDCJAC0002,023034,1966,09,17.3,Y
IDCJAC0002,023034,1966,10,19.7,Y
IDCJAC0002,023034,1966,11,24.7,Y
IDCJAC0002,023034,1966,12,24.4,Y
IDCJAC0002,023034,1967,01,25.5,Y
IDCJAC0002,023034,1967,02,29.3,Y
IDCJAC0002,023034,1967,03,25.3,Y
IDCJAC0002,023034,1967,04,24.6,Y
IDCJAC0002,023034,1967,05,19.9,Y
IDCJAC0002,023034,1967,06,18.0,Y
IDCJAC0002,023034,1967,07,15.8,Y
IDCJAC0002,023034,1967,08,15.7,Y
IDCJAC0002,023034,1967,09,18.8,Y
IDCJAC0002,023034,1967,10,23.4,Y
IDCJAC0002,023034,1967,11,25.1,Y
IDCJAC0002,023034,1967,12,25.4,Y
IDCJAC0002,023034,1968,01,31.0,Y
IDCJAC0002,023034,1968,02,30.5,Y
IDCJAC0002,023034,1968,03,26.4,Y
IDCJAC0002,023034,1968,04,23.6,Y
IDCJAC0002,023034,1968,05,16.9,Y
IDCJAC0002,023034,1968,06,15.1,Y
IDCJAC0002,023034,1968,07,13.7,Y
IDCJAC0002,023034,1968,08,14.5,Y
IDCJAC0002,023034,1968,09,17.3,Y
IDCJAC0002,023034,1968,10,21.2,Y
IDCJAC0002,023034,1968,11,21.7,Y
IDCJAC0002,023034,1968,12,25.4,Y
IDCJAC0002,023034,1969,01,30.5,Y
IDCJAC0002,023034,1969,02,26.3,Y
IDCJAC0002,023034,1969,03,24.6,Y
IDCJAC0002,023034,1969,04,22.4,Y
IDCJAC0002,023034,1969,05,17.8,Y
IDCJAC0002,023034,1969,06,15.4,Y
IDCJAC0002,023034,1969,07,15.9,Y
IDCJAC0002,023034,1969,08,17.1,Y
IDCJAC0002,023034,1969,09,15.9,Y
IDCJAC0002,023034,1969,10,22.5,Y
IDCJAC0002,023034,1969,11,23.7,Y
IDCJAC0002,023034,1969,12,23.5,Y
IDCJAC0002,023034,1970,01,26.1,Y
IDCJAC0002,023034,1970,02,29.4,Y
IDCJAC0002,023034,1970,03,24.8,Y
IDCJAC0002,023034,1970,04,22.8,Y
IDCJAC0002,023034,1970,05,17.6,Y
IDCJAC0002,023034,1970,06,16.6,Y
IDCJAC0002,023034,1970,07,15.1,Y
IDCJAC0002,023034,1970,08,14.3,Y
IDCJAC0002,023034,1970,09,15.9,Y
IDCJAC0002,023034,1970,10,20.5,Y
IDCJAC0002,023034,1970,11,23.6,Y
IDCJAC0002,023034,1970,12,25.7,Y
IDCJAC0002,023034,1971,01,27.6,Y
IDCJAC0002,023034,1971,02,29.3,Y
IDCJAC0002,023034,1971,03,28.2,Y
IDCJAC0002,023034,1971,04,24.1,Y
IDCJAC0002,023034,1971,05,17.7,Y
IDCJAC0002,023034,1971,06,15.1,Y
IDCJAC0002,023034,1971,07,14.7,Y
IDCJAC0002,023034,1971,08,15.0,Y
IDCJAC0002,023034,1971,09,17.3,Y
IDCJAC0002,023034,1971,10,20.1,Y
IDCJAC0002,023034,1971,11,21.1,Y
IDCJAC0002,023034,1971,12,24.5,Y
IDCJAC0002,023034,1972,01,26.8,Y
IDCJAC0002,023034,1972,02,28.5,Y
IDCJAC0002,023034,1972,03,24.6,Y
IDCJAC0002,023034,1972,04,23.7,Y
IDCJAC0002,023034,1972,05,20.3,Y
IDCJAC0002,023034,1972,06,17.1,Y
IDCJAC0002,023034,1972,07,15.2,Y
IDCJAC0002,023034,1972,08,16.3,Y
IDCJAC0002,023034,1972,09,19.4,Y
IDCJAC0002,023034,1972,10,21.6,Y
IDCJAC0002,023034,1972,11,23.5,Y
IDCJAC0002,023034,1972,12,27.0,Y
IDCJAC0002,023034,1973,01,30.3,Y
IDCJAC0002,023034,1973,02,27.4,Y
IDCJAC0002,023034,1973,03,24.9,Y
IDCJAC0002,023034,1973,04,23.1,Y
IDCJAC0002,023034,1973,05,19.8,Y
IDCJAC0002,023034,1973,06,14.9,Y
IDCJAC0002,023034,1973,07,16.2,Y
IDCJAC0002,023034,1973,08,16.3,Y
IDCJAC0002,023034,1973,09,18.8,Y
IDCJAC0002,023034,1973,10,21.4,Y
IDCJAC0002,023034,1973,11,23.6,Y
IDCJAC0002,023034,1973,12,27.2,Y
IDCJAC0002,023034,1974,01,30.0,Y
IDCJAC0002,023034,1974,02,26.6,Y
IDCJAC0002,023034,1974,03,27.9,Y
IDCJAC0002,023034,1974,04,21.4,Y
IDCJAC0002,023034,1974,05,18.0,Y
IDCJAC0002,023034,1974,06,16.3,Y
IDCJAC0002,023034,1974,07,15.2,Y
IDCJAC0002,023034,1974,08,16.2,Y
IDCJAC0002,023034,1974,09,16.8,Y
IDCJAC0002,023034,1974,10,19.8,Y
IDCJAC0002,023034,1974,11,22.5,Y
IDCJAC0002,023034,1974,12,25.0,Y
IDCJAC0002,023034,1975,01,25.3,Y
IDCJAC0002,023034,1975,02,29.8,Y
IDCJAC0002,023034,1975,03,24.2,Y
IDCJAC0002,023034,1975,04,21.7,Y
IDCJAC0002,023034,1975,05,19.6,Y
IDCJAC0002,023034,1975,06,15.7,Y
IDCJAC0002,023034,1975,07,17.1,Y
IDCJAC0002,023034,1975,08,15.4,Y
IDCJAC0002,023034,1975,09,18.5,Y
IDCJAC0002,023034,1975,10,19.2,Y
IDCJAC0002,023034,1975,11,24.9,Y
IDCJAC0002,023034,1975,12,28.1,Y
IDCJAC0002,023034,1976,01,26.9,Y
IDCJAC0002,023034,1976,02,29.3,Y
IDCJAC0002,023034,1976,03,25.0,Y
IDCJAC0002,023034,1976,04,21.7,Y
IDCJAC0002,023034,1976,05,17.9,Y
IDCJAC0002,023034,1976,06,15.8,Y
IDCJAC0002,023034,1976,07,15.7,Y
IDCJAC0002,023034,1976,08,16.6,Y
IDCJAC0002,023034,1976,09,17.6,Y
IDCJAC0002,023034,1976,10,18.8,Y
IDCJAC0002,023034,1976,11,23.0,Y
IDCJAC0002,023034,1976,12,26.3,Y
IDCJAC0002,023034,1977,01,28.5,Y
IDCJAC0002,023034,1977,02,29.0,Y
IDCJAC0002,023034,1977,03,24.6,Y
IDCJAC0002,023034,1977,04,20.2,Y
IDCJAC0002,023034,1977,05,18.5,Y
IDCJAC0002,023034,1977,06,15.3,Y
IDCJAC0002,023034,1977,07,15.3,Y
IDCJAC0002,023034,1977,08,19.0,Y
IDCJAC0002,023034,1977,09,17.8,Y
IDCJAC0002,023034,1977,10,22.5,Y
IDCJAC0002,023034,1977,11,23.5,Y
IDCJAC0002,023034,1977,12,27.3,Y
IDCJAC0002,023034,1978,01,26.6,Y
IDCJAC0002,023034,1978,02,27.1,Y
IDCJAC0002,023034,1978,03,26.0,Y
IDCJAC0002,023034,1978,04,22.2,Y
IDCJAC0002,023034,1978,05,19.0,Y
IDCJAC0002,023034,1978,06,15.5,Y
IDCJAC0002,023034,1978,07,14.4,Y
IDCJAC0002,023034,1978,08,14.8,Y
IDCJAC0002,023034,1978,09,16.8,Y
IDCJAC0002,023034,1978,10,21.3,Y
IDCJAC0002,023034,1978,11,23.0,Y
IDCJAC0002,023034,1978,12,25.8,Y
IDCJAC0002,023034,1979,01,31.4,Y
IDCJAC0002,023034,1979,02,29.1,Y
IDCJAC0002,023034,1979,03,25.8,Y
IDCJAC0002,023034,1979,04,20.9,Y
IDCJAC0002,023034,1979,05,17.8,Y
IDCJAC0002,023034,1979,06,17.4,Y
IDCJAC0002,023034,1979,07,15.7,Y
IDCJAC0002,023034,1979,08,15.5,Y
IDCJAC0002,023034,1979,09,17.7,Y
IDCJAC0002,023034,1979,10,20.0,Y
IDCJAC0002,023034,1979,11,24.4,Y
IDCJAC0002,023034,1979,12,25.8,Y
IDCJAC0002,023034,1980,01,25.7,Y
IDCJAC0002,023034,1980,02,27.8,Y
IDCJAC0002,023034,1980,03,25.3,Y
IDCJAC0002,023034,1980,04,24.4,Y
IDCJAC0002,023034,1980,05,20.1,Y
IDCJAC0002,023034,1980,06,15.8,Y
IDCJAC0002,023034,1980,07,15.3,Y
IDCJAC0002,023034,1980,08,17.1,Y
IDCJAC0002,023034,1980,09,19.6,Y
IDCJAC0002,023034,1980,10,21.6,Y
IDCJAC0002,023034,1980,11,25.7,Y
IDCJAC0002,023034,1980,12,28.1,Y
IDCJAC0002,023034,1981,01,31.6,Y
IDCJAC0002,023034,1981,02,30.0,Y
IDCJAC0002,023034,1981,03,22.9,Y
IDCJAC0002,023034,1981,04,24.1,Y
IDCJAC0002,023034,1981,05,18.4,Y
IDCJAC0002,023034,1981,06,15.6,Y
IDCJAC0002,023034,1981,07,15.0,Y
IDCJAC0002,023034,1981,08,15.0,Y
IDCJAC0002,023034,1981,09,19.5,Y
IDCJAC0002,023034,1981,10,21.2,Y
IDCJAC0002,023034,1981,11,23.4,Y
IDCJAC0002,023034,1981,12,25.7,Y
IDCJAC0002,023034,1982,01,30.3,Y
IDCJAC0002,023034,1982,02,28.6,Y
IDCJAC0002,023034,1982,03,26.2,Y
IDCJAC0002,023034,1982,04,21.9,Y
IDCJAC0002,023034,1982,05,18.2,Y
IDCJAC0002,023034,1982,06,14.8,Y
IDCJAC0002,023034,1982,07,14.6,Y
IDCJAC0002,023034,1982,08,19.1,Y
IDCJAC0002,023034,1982,09,18.2,Y
IDCJAC0002,023034,1982,10,21.0,Y
IDCJAC0002,023034,1982,11,26.5,Y
IDCJAC0002,023034,1982,12,26.7,Y
IDCJAC0002,023034,1983,01,27.4,Y
IDCJAC0002,023034,1983,02,31.0,Y
IDCJAC0002,023034,1983,03,25.2,Y
IDCJAC0002,023034,1983,04,19.6,Y
IDCJAC0002,023034,1983,05,18.0,Y
IDCJAC0002,023034,1983,06,15.7,Y
IDCJAC0002,023034,1983,07,14.1,Y
IDCJAC0002,023034,1983,08,16.6,Y
IDCJAC0002,023034,1983,09,17.9,Y
IDCJAC0002,023034,1983,10,20.9,Y
IDCJAC0002,023034,1983,11,23.9,Y
IDCJAC0002,023034,1983,12,27.7,Y
IDCJAC0002,023034,1984,01,26.5,Y
IDCJAC0002,023034,1984,02,27.7,Y
IDCJAC0002,023034,1984,03,24.8,Y
IDCJAC0002,023034,1984,04,21.1,Y
IDCJAC0002,023034,1984,05,19.6,Y
IDCJAC0002,023034,1984,06,16.2,Y
IDCJAC0002,023034,1984,07,14.0,Y
IDCJAC0002,023034,1984,08,15.5,Y
IDCJAC0002,023034,1984,09,16.0,Y
IDCJAC0002,023034,1984,10,20.8,Y
IDCJAC0002,023034,1984,11,23.4,Y
IDCJAC0002,023034,1984,12,26.1,Y
IDCJAC0002,023034,1985,01,27.6,Y
IDCJAC0002,023034,1985,02,28.0,Y
IDCJAC0002,023034,1985,03,26.8,Y
IDCJAC0002,023034,1985,04,22.7,Y
IDCJAC0002,023034,1985,05,18.7,Y
IDCJAC0002,023034,1985,06,15.7,Y
IDCJAC0002,023034,1985,07,15.4,Y
IDCJAC0002,023034,1985,08,15.7,Y
IDCJAC0002,023034,1985,09,17.2,Y
IDCJAC0002,023034,1985,10,21.1,Y
IDCJAC0002,023034,1985,11,23.5,Y
IDCJAC0002,023034,1985,12,23.8,Y
IDCJAC0002,023034,1986,01,26.5,Y
IDCJAC0002,023034,1986,02,26.2,Y
IDCJAC0002,023034,1986,03,27.9,Y
IDCJAC0002,023034,1986,04,21.7,Y
IDCJAC0002,023034,1986,05,18.7,Y
IDCJAC0002,023034,1986,06,15.7,Y
IDCJAC0002,023034,1986,07,14.0,Y
IDCJAC0002,023034,1986,08,15.5,Y
IDCJAC0002,023034,1986,09,17.2,Y
IDCJAC0002,023034,1986,10,19.2,Y
IDCJAC0002,023034,1986,11,23.7,Y
IDCJAC0002,023034,1986,12,24.1,Y
IDCJAC0002,023034,1987,01,24.6,Y
IDCJAC0002,023034,1987,02,27.5,Y
IDCJAC0002,023034,1987,03,23.4,Y
IDCJAC0002,023034,1987,04,22.8,Y
IDCJAC0002,023034,1987,05,18.3,Y
IDCJAC0002,023034,1987,06,16.1,Y
IDCJAC0002,023034,1987,07,14.3,Y
IDCJAC0002,023034,1987,08,15.1,Y
IDCJAC0002,023034,1987,09,18.5,Y
IDCJAC0002,023034,1987,10,20.6,Y
IDCJAC0002,023034,1987,11,24.0,Y
IDCJAC0002,023034,1987,12,26.0,Y
IDCJAC0002,023034,1988,01,28.1,Y
IDCJAC0002,023034,1988,02,25.8,Y
IDCJAC0002,023034,1988,03,26.6,Y
IDCJAC0002,023034,1988,04,22.4,Y
IDCJAC0002,023034,1988,05,19.6,Y
IDCJAC0002,023034,1988,06,16.2,Y
IDCJAC0002,023034,1988,07,15.4,Y
IDCJAC0002,023034,1988,08,16.5,Y
IDCJAC0002,023034,1988,09,20.0,Y
IDCJAC0002,023034,1988,10,22.6,Y
IDCJAC0002,023034,1988,11,22.5,Y
IDCJAC0002,023034,1988,12,26.9,Y
IDCJAC0002,023034,1989,01,27.3,Y
IDCJAC0002,023034,1989,02,28.9,Y
IDCJAC0002,023034,1989,03,26.7,Y
IDCJAC0002,023034,1989,04,22.2,Y
IDCJAC0002,023034,1989,05,18.4,Y
IDCJAC0002,023034,1989,06,14.1,Y
IDCJAC0002,023034,1989,07,13.8,Y
IDCJAC0002,023034,1989,08,14.1,Y
IDCJAC0002,023034,1989,09,18.2,Y
IDCJAC0002,023034,1989,10,19.7,Y
IDCJAC0002,023034,1989,11,24.7,Y
IDCJAC0002,023034,1989,12,26.6,Y
IDCJAC0002,023034,1990,01,28.0,Y
IDCJAC0002,023034,1990,02,26.1,Y
IDCJAC0002,023034,1990,03,27.0,Y
IDCJAC0002,023034,1990,04,22.4,Y
IDCJAC0002,023034,1990,05,19.6,Y
IDCJAC0002,023034,1990,06,16.2,Y
IDCJAC0002,023034,1990,07,15.0,Y
IDCJAC0002,023034,1990,08,14.5,Y
IDCJAC0002,023034,1990,09,19.1,Y
IDCJAC0002,023034,1990,10,22.1,Y
IDCJAC0002,023034,1990,11,25.9,Y
IDCJAC0002,023034,1990,12,25.0,Y
IDCJAC0002,023034,1991,01,28.6,Y
IDCJAC0002,023034,1991,02,29.2,Y
IDCJAC0002,023034,1991,03,24.7,Y
IDCJAC0002,023034,1991,04,22.4,Y
IDCJAC0002,023034,1991,05,18.4,Y
IDCJAC0002,023034,1991,06,16.9,Y
IDCJAC0002,023034,1991,07,14.9,Y
IDCJAC0002,023034,1991,08,15.2,Y
IDCJAC0002,023034,1991,09,18.2,Y
IDCJAC0002,023034,1991,10,21.9,Y
IDCJAC0002,023034,1991,11,23.9,Y
IDCJAC0002,023034,1991,12,24.6,Y
IDCJAC0002,023034,1992,01,24.3,Y
IDCJAC0002,023034,1992,02,28.8,Y
IDCJAC0002,023034,1992,03,25.3,Y
IDCJAC0002,023034,1992,04,22.6,Y
IDCJAC0002,023034,1992,05,17.8,Y
IDCJAC0002,023034,1992,06,15.5,Y
IDCJAC0002,023034,1992,07,15.6,Y
IDCJAC0002,023034,1992,08,15.1,Y
IDCJAC0002,023034,1992,09,15.2,Y
IDCJAC0002,023034,1992,10,20.5,Y
IDCJAC0002,023034,1992,11,20.8,Y
IDCJAC0002,023034,1992,12,24.1,Y
IDCJAC0002,023034,1993,01,27.5,Y
IDCJAC0002,023034,1993,02,27.8,Y
IDCJAC0002,023034,1993,03,25.2,Y
IDCJAC0002,023034,1993,04,24.1,Y
IDCJAC0002,023034,1993,05,19.3,Y
IDCJAC0002,023034,1993,06,15.1,Y
IDCJAC0002,023034,1993,07,15.3,Y
IDCJAC0002,023034,1993,08,17.8,Y
IDCJAC0002,023034,1993,09,18.3,Y
IDCJAC0002,023034,1993,10,20.1,Y
IDCJAC0002,023034,1993,11,23.9,Y
IDCJAC0002,023034,1993,12,24.2,Y
IDCJAC0002,023034,1994,01,24.8,Y
IDCJAC0002,023034,1994,02,26.3,Y
IDCJAC0002,023034,1994,03,25.5,Y
IDCJAC0002,023034,1994,04,22.2,Y
IDCJAC0002,023034,1994,05,19.2,Y
IDCJAC0002,023034,1994,06,16.2,Y
IDCJAC0002,023034,1994,07,16.5,Y
IDCJAC0002,023034,1994,08,15.7,Y
IDCJAC0002,023034,1994,09,17.4,Y
IDCJAC0002,023034,1994,10,21.5,Y
IDCJAC0002,023034,1994,11,22.5,Y
IDCJAC0002,023034,1994,12,28.2,Y
IDCJAC0002,023034,1995,01,29.5,Y
IDCJAC0002,023034,1995,02,29.1,Y
IDCJAC0002,023034,1995,03,23.7,Y
IDCJAC0002,023034,1995,04,19.8,Y
IDCJAC0002,023034,1995,05,17.5,Y
IDCJAC0002,023034,1995,06,16.1,Y
IDCJAC0002,023034,1995,07,13.9,Y
IDCJAC0002,023034,1995,08,17.4,Y
IDCJAC0002,023034,1995,09,18.1,Y
IDCJAC0002,023034,1995,10,21.1,Y
IDCJAC0002,023034,1995,11,23.8,Y
IDCJAC0002,023034,1995,12,25.1,Y
IDCJAC0002,023034,1996,01,26.6,Y
IDCJAC0002,023034,1996,02,27.3,Y
IDCJAC0002,023034,1996,03,26.7,Y
IDCJAC0002,023034,1996,04,19.9,Y
IDCJAC0002,023034,1996,05,19.2,Y
IDCJAC0002,023034,1996,06,16.6,Y
IDCJAC0002,023034,1996,07,15.0,Y
IDCJAC0002,023034,1996,08,15.1,Y
IDCJAC0002,023034,1996,09,17.5,Y
IDCJAC0002,023034,1996,10,21.3,Y
IDCJAC0002,023034,1996,11,21.9,Y
IDCJAC0002,023034,1996,12,24.9,Y
IDCJAC0002,023034,1997,01,28.3,Y
IDCJAC0002,023034,1997,02,31.8,Y
IDCJAC0002,023034,1997,03,22.5,Y
IDCJAC0002,023034,1997,04,22.1,Y
IDCJAC0002,023034,1997,05,17.4,Y
IDCJAC0002,023034,1997,06,15.6,Y
IDCJAC0002,023034,1997,07,14.2,Y
IDCJAC0002,023034,1997,08,15.0,Y
IDCJAC0002,023034,1997,09,17.4,Y
IDCJAC0002,023034,1997,10,21.3,Y
IDCJAC0002,023034,1997,11,25.1,Y
IDCJAC0002,023034,1997,12,25.3,Y
IDCJAC0002,023034,1998,01,28.3,Y
IDCJAC0002,023034,1998,02,26.7,Y
IDCJAC0002,023034,1998,03,25.5,Y
IDCJAC0002,023034,1998,04,20.1,Y
IDCJAC0002,023034,1998,05,18.6,Y
IDCJAC0002,023034,1998,06,15.3,Y
IDCJAC0002,023034,1998,07,13.8,Y
IDCJAC0002,023034,1998,08,16.1,Y
IDCJAC0002,023034,1998,09,19.6,Y
IDCJAC0002,023034,1998,10,20.1,Y
IDCJAC0002,023034,1998,11,23.5,Y
IDCJAC0002,023034,1998,12,26.3,Y
IDCJAC0002,023034,1999,01,30.3,Y
IDCJAC0002,023034,1999,02,29.5,Y
IDCJAC0002,023034,1999,03,24.3,Y
IDCJAC0002,023034,1999,04,20.7,Y
IDCJAC0002,023034,1999,05,19.0,Y
IDCJAC0002,023034,1999,06,15.6,Y
IDCJAC0002,023034,1999,07,15.6,Y
IDCJAC0002,023034,1999,08,16.7,Y
IDCJAC0002,023034,1999,09,20.2,Y
IDCJAC0002,023034,1999,10,21.8,Y
IDCJAC0002,023034,1999,11,22.2,Y
IDCJAC0002,023034,1999,12,25.2,Y
IDCJAC0002,023034,2000,01,27.5,Y
IDCJAC0002,023034,2000,02,31.6,Y
IDCJAC0002,023034,2000,03,25.5,Y
IDCJAC0002,023034,2000,04,22.4,Y
IDCJAC0002,023034,2000,05,17.3,Y
IDCJAC0002,023034,2000,06,15.2,Y
IDCJAC0002,023034,2000,07,15.1,Y
IDCJAC0002,023034,2000,08,15.5,Y
IDCJAC0002,023034,2000,09,18.3,Y
IDCJAC0002,023034,2000,10,20.4,Y
IDCJAC0002,023034,2000,11,26.6,Y
IDCJAC0002,023034,2000,12,27.2,Y
IDCJAC0002,023034,2001,01,32.5,Y
IDCJAC0002,023034,2001,02,30.7,Y
IDCJAC0002,023034,2001,03,24.9,Y
IDCJAC0002,023034,2001,04,22.0,Y
IDCJAC0002,023034,2001,05,18.5,Y
IDCJAC0002,023034,2001,06,15.9,Y
IDCJAC0002,023034,2001,07,15.1,Y
IDCJAC0002,023034,2001,08,15.6,Y
IDCJAC0002,023034,2001,09,19.5,Y
IDCJAC0002,023034,2001,10,18.1,Y
IDCJAC0002,023034,2001,11,21.6,Y
IDCJAC0002,023034,2001,12,22.5,Y
IDCJAC0002,023034,2002,01,26.6,Y
IDCJAC0002,023034,2002,02,25.4,Y
IDCJAC0002,023034,2002,03,24.9,Y
IDCJAC0002,023034,2002,04,23.7,Y
IDCJAC0002,023034,2002,05,20.3,Y
IDCJAC0002,023034,2002,06,15.9,Y
IDCJAC0002,023034,2002,07,15.7,Y
IDCJAC0002,023034,2002,08,16.0,Y
IDCJAC0002,023034,2002,09,18.8,Y
IDCJAC0002,023034,2002,10,21.1,Y
IDCJAC0002,023034,2002,11,25.0,Y
IDCJAC0002,023034,2002,12,27.1,Y
IDCJAC0002,023034,2003,01,30.4,Y
IDCJAC0002,023034,2003,02,27.8,Y
IDCJAC0002,023034,2003,03,23.7,Y
IDCJAC0002,023034,2003,04,22.5,Y
IDCJAC0002,023034,2003,05,19.4,Y
IDCJAC0002,023034,2003,06,15.7,Y
IDCJAC0002,023034,2003,07,15.4,Y
IDCJAC0002,023034,2003,08,14.8,Y
IDCJAC0002,023034,2003,09,17.4,Y
IDCJAC0002,023034,2003,10,18.6,Y
IDCJAC0002,023034,2003,11,26.9,Y
IDCJAC0002,023034,2003,12,27.5,Y
IDCJAC0002,023034,2004,01,24.5,Y
IDCJAC0002,023034,2004,02,30.2,Y
IDCJAC0002,023034,2004,03,26.3,Y
IDCJAC0002,023034,2004,04,23.0,Y
IDCJAC0002,023034,2004,05,18.3,Y
IDCJAC0002,023034,2004,06,16.1,Y
IDCJAC0002,023034,2004,07,14.6,Y
IDCJAC0002,023034,2004,08,16.3,Y
IDCJAC0002,023034,2004,09,17.7,Y
IDCJAC0002,023034,2004,10,23.1,Y
IDCJAC0002,023034,2004,11,24.4,Y
IDCJAC0002,023034,2004,12,26.1,Y
IDCJAC0002,023034,2005,01,27.8,Y
IDCJAC0002,023034,2005,02,26.0,Y
IDCJAC0002,023034,2005,03,24.8,Y
IDCJAC0002,023034,2005,04,25.0,Y
IDCJAC0002,023034,2005,05,20.4,Y
IDCJAC0002,023034,2005,06,17.8,Y
IDCJAC0002,023034,2005,07,15.3,Y
IDCJAC0002,023034,2005,08,17.1,Y
IDCJAC0002,023034,2005,09,18.2,Y
IDCJAC0002,023034,2005,10,21.5,Y
IDCJAC0002,023034,2005,11,24.6,Y
IDCJAC0002,023034,2005,12,27.1,Y
IDCJAC0002,023034,2006,01,30.9,Y
IDCJAC0002,023034,2006,02,26.2,Y
IDCJAC0002,023034,2006,03,27.3,Y
IDCJAC0002,023034,2006,04,20.4,Y
IDCJAC0002,023034,2006,05,17.0,Y
IDCJAC0002,023034,2006,06,15.4,Y
IDCJAC0002,023034,2006,07,15.3,Y
IDCJAC0002,023034,2006,08,17.9,Y
IDCJAC0002,023034,2006,09,20.6,Y
IDCJAC0002,023034,2006,10,23.6,Y
IDCJAC0002,023034,2006,11,25.4,Y
IDCJAC0002,023034,2006,12,27.7,Y
IDCJAC0002,023034,2007,01,28.6,Y
IDCJAC0002,023034,2007,02,30.5,Y
IDCJAC0002,023034,2007,03,27.0,Y
IDCJAC0002,023034,2007,04,24.1,Y
IDCJAC0002,023034,2007,05,19.8,Y
IDCJAC0002,023034,2007,06,14.6,Y
IDCJAC0002,023034,2007,07,15.3,Y
IDCJAC0002,023034,2007,08,17.9,Y
IDCJAC0002,023034,2007,09,20.8,Y
IDCJAC0002,023034,2007,10,23.1,Y
IDCJAC0002,023034,2007,11,26.4,Y
IDCJAC0002,023034,2007,12,27.6,Y
IDCJAC0002,023034,2008,01,29.1,Y
IDCJAC0002,023034,2008,02,26.7,Y
IDCJAC0002,023034,2008,03,29.7,Y
IDCJAC0002,023034,2008,04,22.3,Y
IDCJAC0002,023034,2008,05,19.3,Y
IDCJAC0002,023034,2008,06,16.8,Y
IDCJAC0002,023034,2008,07,14.9,Y
IDCJAC0002,023034,2008,08,14.6,Y
IDCJAC0002,023034,2008,09,19.8,Y
IDCJAC0002,023034,2008,10,23.0,Y
IDCJAC0002,023034,2008,11,23.8,Y
IDCJAC0002,023034,2008,12,24.4,Y
IDCJAC0002,023034,2009,01,29.8,Y
IDCJAC0002,023034,2009,02,30.0,Y
IDCJAC0002,023034,2009,03,25.3,Y
IDCJAC0002,023034,2009,04,22.2,Y
IDCJAC0002,023034,2009,05,18.1,Y
IDCJAC0002,023034,2009,06,16.1,Y
IDCJAC0002,023034,2009,07,15.5,Y
IDCJAC0002,023034,2009,08,17.8,Y
IDCJAC0002,023034,2009,09,19.3,Y
IDCJAC0002,023034,2009,10,21.3,Y
IDCJAC0002,023034,2009,11,29.8,Y
IDCJAC0002,023034,2009,12,27.3,Y
IDCJAC0002,023034,2010,01,29.6,Y
IDCJAC0002,023034,2010,02,29.7,Y
IDCJAC0002,023034,2010,03,26.7,Y
IDCJAC0002,023034,2010,04,23.2,Y
IDCJAC0002,023034,2010,05,19.4,Y
IDCJAC0002,023034,2010,06,15.7,Y
IDCJAC0002,023034,2010,07,15.0,Y
IDCJAC0002,023034,2010,08,15.0,Y
IDCJAC0002,023034,2010,09,16.1,Y
IDCJAC0002,023034,2010,10,20.5,Y
IDCJAC0002,023034,2010,11,23.0,Y
IDCJAC0002,023034,2010,12,25.9,Y
IDCJAC0002,023034,2011,01,29.1,Y
IDCJAC0002,023034,2011,02,27.6,Y
IDCJAC0002,023034,2011,03,24.3,Y
IDCJAC0002,023034,2011,04,22.3,Y
IDCJAC0002,023034,2011,05,17.9,Y
IDCJAC0002,023034,2011,06,16.5,Y
IDCJAC0002,023034,2011,07,15.5,Y
IDCJAC0002,023034,2011,08,17.3,Y
IDCJAC0002,023034,2011,09,20.5,Y
IDCJAC0002,023034,2011,10,21.3,Y
IDCJAC0002,023034,2011,11,25.5,Y
IDCJAC0002,023034,2011,12,26.9,Y
IDCJAC0002,023034,2012,01,30.0,Y
IDCJAC0002,023034,2012,02,26.7,Y
IDCJAC0002,023034,2012,03,25.3,Y
IDCJAC0002,023034,2012,04,23.6,Y
IDCJAC0002,023034,2012,05,18.0,Y
IDCJAC0002,023034,2012,06,15.3,Y
IDCJAC0002,023034,2012,07,15.1,Y
IDCJAC0002,023034,2012,08,15.5,Y
IDCJAC0002,023034,2012,09,19.1,Y
IDCJAC0002,023034,2012,10,21.9,Y
IDCJAC0002,023034,2012,11,26.6,Y
IDCJAC0002,023034,2012,12,27.0,Y
IDCJAC0002,023034,2013,01,28.5,Y
IDCJAC0002,023034,2013,02,28.7,Y
IDCJAC0002,023034,2013,03,27.3,Y
IDCJAC0002,023034,2013,04,23.2,Y
IDCJAC0002,023034,2013,05,20.6,Y
IDCJAC0002,023034,2013,06,16.1,Y
IDCJAC0002,023034,2013,07,15.9,Y
IDCJAC0002,023034,2013,08,16.7,Y
IDCJAC0002,023034,2013,09,21.3,Y
IDCJAC0002,023034,2013,10,21.8,Y
IDCJAC0002,023034,2013,11,24.2,Y
IDCJAC0002,023034,2013,12,27.1,Y
IDCJAC0002,023034,2014,01,30.7,Y
IDCJAC0002,023034,2014,02,28.2,Y
IDCJAC0002,023034,2014,03,26.0,Y
IDCJAC0002,023034,2014,04,22.8,Y
IDCJAC0002,023034,2014,05,20.4,Y
IDCJAC0002,023034,2014,06,16.5,Y
IDCJAC0002,023034,2014,07,15.1,Y
IDCJAC0002,023034,2014,08,16.3,Y
IDCJAC0002,023034,2014,09,20.1,Y
IDCJAC0002,023034,2014,10,24.5,Y
IDCJAC0002,023034,2014,11,25.3,Y
IDCJAC0002,023034,2014,12,25.0,Y
IDCJAC0002,023034,2015,01,27.6,Y
IDCJAC0002,023034,2015,02,31.0,Y
IDCJAC0002,023034,2015,03,24.1,Y
IDCJAC0002,023034,2015,04,20.1,Y
IDCJAC0002,023034,2015,05,18.1,Y
IDCJAC0002,023034,2015,06,16.0,Y
IDCJAC0002,023034,2015,07,14.5,Y
IDCJAC0002,023034,2015,08,15.5,Y
IDCJAC0002,023034,2015,09,18.5,Y
IDCJAC0002,023034,2015,10,25.4,Y
IDCJAC0002,023034,2015,11,25.7,Y
IDCJAC0002,023034,2015,12,30.3,Y
IDCJAC0002,023034,2016,01,29.1,Y
IDCJAC0002,023034,2016,02,27.2,Y
IDCJAC0002,023034,2016,03,27.1,Y
IDCJAC0002,023034,2016,04,23.8,Y
IDCJAC0002,023034,2016,05,19.6,Y
IDCJAC0002,023034,2016,06,16.1,Y
IDCJAC0002,023034,2016,07,15.1,Y
IDCJAC0002,023034,2016,08,17.0,Y
IDCJAC0002,023034,2016,09,16.9,Y
IDCJAC0002,023034,2016,10,20.3,Y
IDCJAC0002,023034,2016,11,22.7,Y
IDCJAC0002,023034,2016,12,26.6,Y
IDCJAC0002,023034,2017,01,29.1,Y
IDCJAC0002,023034,2017,02,27.2,Y
IDCJAC0002,023034,2017,03,27.8,Y
IDCJAC0002,023034,2017,04,22.8,Y
IDCJAC0002,023034,2017,05,19.0,Y
IDCJAC0002,023034,2017,06,16.5,Y
IDCJAC0002,023034,2017,07,16.2,Y
IDCJAC0002,023034,2017,08,15.6,Y
IDCJAC0002,023034,2017,09,18.7,Y
IDCJAC0002,023034,2017,10,22.9,Y
IDCJAC0002,023034,2017,11,27.0,Y
IDCJAC0002,023034,2017,12,26.1,Y
IDCJAC0002,023034,2018,01,30.3,Y
IDCJAC0002,023034,2018,02,29.0,Y
IDCJAC0002,023034,2018,03,26.3,Y
IDCJAC0002,023034,2018,04,25.3,Y
IDCJAC0002,023034,2018,05,18.6,Y
IDCJAC0002,023034,2018,06,15.7,Y
IDCJAC0002,023034,2018,07,15.9,Y
IDCJAC0002,023034,2018,08,16.8,Y
IDCJAC0002,023034,2018,09,18.3,Y
IDCJAC0002,023034,2018,10,23.0,Y
IDCJAC0002,023034,2018,11,23.3,Y
IDCJAC0002,023034,2018,12,28.6,Y
IDCJAC0002,023034,2019,01,31.2,Y
IDCJAC0002,023034,2019,02,28.2,Y
IDCJAC0002,023034,2019,03,25.6,Y
IDCJAC0002,023034,2019,04,24.0,Y
IDCJAC0002,023034,2019,05,18.5,Y
IDCJAC0002,023034,2019,06,16.1,Y
IDCJAC0002,023034,2019,07,16.1,Y
IDCJAC0002,023034,2019,08,15.2,Y
IDCJAC0002,023034,2019,09,18.8,Y
IDCJAC0002,023034,2019,10,23.4,Y
IDCJAC0002,023034,2019,11,22.7,Y
IDCJAC0002,023034,2019,12,29.1,Y
IDCJAC0002,023034,2020,01,27.6,Y
IDCJAC0002,023034,2020,02,25.5,Y
IDCJAC0002,023034,2020,03,24.9,Y
IDCJAC0002,023034,2020,04,21.1,Y
IDCJAC0002,023034,2020,05,17.4,Y
IDCJAC0002,023034,2020,06,15.6,Y
IDCJAC0002,023034,2020,07,15.1,Y
IDCJAC0002,023034,2020,08,15.8,Y
IDCJAC0002,023034,2020,09,20.5,Y
IDCJAC0002,023034,2020,10,21.4,Y
IDCJAC0002,023034,2020,11,28.0,Y
IDCJAC0002,023034,2020,12,25.5,Y
IDCJAC0002,023034,2021,01,27.9,Y
IDCJAC0002,023034,2021,02,26.3,Y
IDCJAC0002,023034,2021,03,25.0,Y
IDCJAC0002,023034,2021,04,22.5,Y
IDCJAC0002,023034,2021,05,19.1,Y
IDCJAC0002,023034,2021,06,16.6,Y
IDCJAC0002,023034,2021,07,15.2,Y
IDCJAC0002,023034,2021,08,16.5,Y
IDCJAC0002,023034,2021,09,19.2,Y
IDCJAC0002,023034,2021,10,20.6,Y
IDCJAC0002,023034,2021,11,22.9,Y
IDCJAC0002,023034,2021,12,26.2,Y
IDCJAC0002,023034,2022,01,28.0,Y
IDCJAC0002,023034,2022,02,27.2,Y
IDCJAC0002,023034,2022,03,26.3,Y
IDCJAC0002,023034,2022,04,23.4,Y
IDCJAC0002,023034,2022,05,18.7,Y
IDCJAC0002,023034,2022,06,15.4,Y
IDCJAC0002,023034,2022,07,14.8,Y
IDCJAC0002,023034,2022,08,15.9,Y
IDCJAC0002,023034,2022,09,16.9,Y
IDCJAC0002,023034,2022,10,20.2,Y
IDCJAC0002,023034,2022,11,22.2,Y
IDCJAC0002,023034,2022,12,26.5,Y
IDCJAC0002,023034,2023,01,29.1,Y
IDCJAC0002,023034,2023,02,28.1,Y
IDCJAC0002,023034,2023,03,24.1,Y
IDCJAC0002,023034,2023,04,21.8,Y
IDCJAC0002,023034,2023,05,17.5,Y
IDCJAC0002,023034,2023,06,16.9,Y
IDCJAC0002,023034,2023,07,15.5,Y
IDCJAC0002,023034,2023,08,17.1,Y
IDCJAC0002,023034,2023,09,21.1,Y
IDCJAC0002,023034,2023,10,20.9,Y
IDCJAC0002,023034,2023,11,23.5,Y
IDCJAC0002,023034,2023,12,25.0,Y
IDCJAC0002,023034,2024,01,28.0,Y
IDCJAC0002,023034,2024,02,28.5,Y
IDCJAC0002,023034,2024,03,28.5,Y
IDCJAC0002,023034,2024,04,20.3,Y
IDCJAC0002,023034,2024,05,19.9,Y
IDCJAC0002,023034,2024,06,15.5,Y
IDCJAC0002,023034,2024,07,15.7,Y
IDCJAC0002,023034,2024,08,18.4,Y
IDCJAC0002,023034,2024,09,19.0,Y
IDCJAC0002,023034,2024,10,23.3,Y
IDCJAC0002,023034,2024,11,25.4,Y
IDCJAC0002,023034,2024,12,27.6,Y
IDCJAC0002,023034,2025,01,29.2,Y
IDCJAC0002,023034,2025,02,29.8,Y
IDCJAC0002,023034,2025,03,29.1,Y
IDCJAC0002,023034,2025,04,24.4,Y
IDCJAC0002,023034,2025,05,19.8,Y
IDCJAC0002,023034,2025,06,16.4,Y
IDCJAC0002,023034,2025,07,15.0,Y
IDCJAC0002,023034,2025,08,16.3,Y
IDCJAC0002,023034,2025,09,19.0,Y
IDCJAC0002,023034,2025,10,21.7,Y
IDCJAC0002,023034,2025,11,21.7,Y
IDCJAC0002,023034,2025,12,26.8,Y
IDCJAC0002,023034,2026,01,31.6,Y
IDCJAC0002,023034,2026,02,29.6,Y
