Product code,Bureau of Meteorology station number,Year,Month,Mean minimum temperature (°C),Quality
IDCJAC0004,023034,1955,02,14.6,Y
IDCJAC0004,023034,1955,03,14.0,Y
IDCJAC0004,023034,1955,04,10.9,Y
IDCJAC0004,023034,1955,05,8.6,Y
IDCJAC0004,023034,1955,06,8.4,Y
IDCJAC0004,023034,1955,07,7.1,Y
IDCJAC0004,023034,1955,08,8.1,Y
IDCJAC0004,023034,1955,09,8.8,Y
IDCJAC0004,023034,1955,10,10.7,Y
IDCJAC0004,023034,1955,11,11.3,Y
IDCJAC0004,023034,1955,12,12.9,Y
IDCJAC0004,023034,1956,01,14.3,Y
IDCJAC0004,023034,1956,02,17.7,Y
IDCJAC0004,023034,1956,03,16.4,Y
IDCJAC0004,023034,1956,04,13.0,Y
IDCJAC0004,023034,1956,05,9.3,Y
IDCJAC0004,023034,1956,06,7.6,Y
IDCJAC0004,023034,1956,07,7.8,Y
IDCJAC0004,023034,1956,08,7.2,Y
IDCJAC0004,023034,1956,09,8.5,Y
IDCJAC0004,023034,1956,10,9.4,Y
IDCJAC0004,023034,1956,11,10.4,Y
IDCJAC0004,023034,1956,12,12.1,Y
IDCJAC0004,023034,1957,01,13.1,Y
IDCJAC0004,023034,1957,02,13.6,Y
IDCJAC0004,023034,1957,03,12.0,Y
IDCJAC0004,023034,1957,04,10.9,Y
IDCJAC0004,023034,1957,05,8.8,Y
IDCJAC0004,023034,1957,06,10.5,Y
IDCJAC0004,023034,1957,07,5.3,Y
IDCJAC0004,023034,1957,08,5.8,Y
IDCJAC0004,023034,1957,09,7.4,Y
IDCJAC0004,023034,1957,10,10.0,Y
IDCJAC0004,023034,1957,11,10.9,Y
IDCJAC0004,023034,1957,12,14.5,Y
IDCJAC0004,023034,1958,01,14.1,Y
IDCJAC0004,023034,1958,02,14.5,Y
IDCJAC0004,023034,1958,03,13.1,Y
IDCJAC0004,023034,1958,04,10.3,Y
IDCJAC0004,023034,1958,05,12.0,Y
IDCJAC0004,023034,1958,06,4.7,Y
IDCJAC0004,023034,1958,07,6.1,Y
IDCJAC0004,023034,1958,08,7.8,Y
IDCJAC0004,023034,1958,09,7.5,Y
IDCJAC0004,023034,1958,10,10.7,Y
IDCJAC0004,023034,1958,11,11.8,Y
IDCJAC0004,023034,1958,12,11.2,Y
IDCJAC0004,023034,1959,01,14.8,Y
IDCJAC0004,023034,1959,02,15.3,Y
IDCJAC0004,023034,1959,03,14.4,Y
IDCJAC0004,023034,1959,04,10.5,Y
IDCJAC0004,023034,1959,05,6.4,Y
IDCJAC0004,023034,1959,06,6.1,Y
IDCJAC0004,023034,1959,07,5.3,Y
IDCJAC0004,023034,1959,08,9.0,Y
IDCJAC0004,023034,1959,09,7.5,Y
IDCJAC0004,023034,1959,10,10.5,Y
IDCJAC0004,023034,1959,11,13.7,Y
IDCJAC0004,023034,1959,12,13.1,Y
IDCJAC0004,023034,1960,01,16.6,Y
IDCJAC0004,023034,1960,02,14.4,Y
IDCJAC0004,023034,1960,03,15.1,Y
IDCJAC0004,023034,1960,04,11.2,Y
IDCJAC0004,023034,1960,05,8.1,Y
IDCJAC0004,023034,1960,06,5.7,Y
IDCJAC0004,023034,1960,07,6.1,Y
IDCJAC0004,023034,1960,08,5.7,Y
IDCJAC0004,023034,1960,09,8.6,Y
IDCJAC0004,023034,1960,10,10.1,Y
IDCJAC0004,023034,1960,11,10.4,Y
IDCJAC0004,023034,1960,12,14.9,Y
IDCJAC0004,023034,1961,01,16.8,Y
IDCJAC0004,023034,1961,02,16.1,Y
IDCJAC0004,023034,1961,03,13.7,Y
IDCJAC0004,023034,1961,04,13.2,Y
IDCJAC0004,023034,1961,05,8.7,Y
IDCJAC0004,023034,1961,06,8.5,Y
IDCJAC0004,023034,1961,07,5.9,Y
IDCJAC0004,023034,1961,08,6.1,Y
IDCJAC0004,023034,1961,09,9.0,Y
IDCJAC0004,023034,1961,10,10.7,Y
IDCJAC0004,023034,1961,11,12.0,Y
IDCJAC0004,023034,1961,12,14.1,Y
IDCJAC0004,023034,1962,01,15.6,Y
IDCJAC0004,023034,1962,02,14.7,Y
IDCJAC0004,023034,1962,03,14.4,Y
IDCJAC0004,023034,1962,04,10.6,Y
IDCJAC0004,023034,1962,05,8.4,Y
IDCJAC0004,023034,1962,06,9.4,Y
IDCJAC0004,023034,1962,07,6.8,Y
IDCJAC0004,023034,1962,08,8.0,Y
IDCJAC0004,023034,1962,09,8.7,Y
IDCJAC0004,023034,1962,10,9.9,Y
IDCJAC0004,023034,1962,11,12.8,Y
IDCJAC0004,023034,1962,12,13.9,Y
IDCJAC0004,023034,1963,01,15.4,Y
IDCJAC0004,023034,1963,02,14.7,Y
IDCJAC0004,023034,1963,03,13.8,Y
IDCJAC0004,023034,1963,04,9.8,Y
IDCJAC0004,023034,1963,05,10.2,Y
IDCJAC0004,023034,1963,06,8.0,Y
IDCJAC0004,023034,1963,07,7.6,Y
IDCJAC0004,023034,1963,08,6.9,Y
IDCJAC0004,023034,1963,09,9.4,Y
IDCJAC0004,023034,1963,10,11.0,Y
IDCJAC0004,023034,1963,11,12.1,Y
IDCJAC0004,023034,1963,12,14.0,Y
IDCJAC0004,023034,1964,01,14.2,Y
IDCJAC0004,023034,1964,02,14.8,Y
IDCJAC0004,023034,1964,03,12.5,Y
IDCJAC0004,023034,1964,04,11.8,Y
IDCJAC0004,023034,1964,05,9.2,Y
IDCJAC0004,023034,1964,06,7.2,Y
IDCJAC0004,023034,1964,07,8.3,Y
IDCJAC0004,023034,1964,08,8.3,Y
IDCJAC0004,023034,1964,09,9.5,Y
IDCJAC0004,023034,1964,10,10.5,Y
IDCJAC0004,023034,1964,11,12.5,Y
IDCJAC0004,023034,1964,12,12.9,Y
IDCJAC0004,023034,1965,01,14.0,Y
IDCJAC0004,023034,1965,02,15.6,Y
IDCJAC0004,023034,1965,03,14.1,Y
IDCJAC0004,023034,1965,04,10.1,Y
IDCJAC0004,023034,1965,05,11.0,Y
IDCJAC0004,023034,1965,06,7.2,Y
IDCJAC0004,023034,1965,07,7.1,Y
IDCJAC0004,023034,1965,08,8.0,Y
IDCJAC0004,023034,1965,09,10.3,Y
IDCJAC0004,023034,1965,10,12.1,Y
IDCJAC0004,023034,1965,11,13.0,Y
IDCJAC0004,023034,1965,12,17.6,Y
IDCJAC0004,023034,1966,01,17.3,Y
IDCJAC0004,023034,1966,02,15.4,Y
IDCJAC0004,023034,1966,03,15.0,Y
IDCJAC0004,023034,1966,04,11.5,Y
IDCJAC0004,023034,1966,05,10.1,Y
IDCJAC0004,023034,1966,06,8.5,Y
IDCJAC0004,023034,1966,07,7.0,Y
IDCJAC0004,023034,1966,08,7.2,Y
IDCJAC0004,023034,1966,09,8.7,Y
IDCJAC0004,023034,1966,10,10.5,Y
IDCJAC0004,023034,1966,11,13.9,Y
IDCJAC0004,023034,1966,12,14.5,Y
IDCJAC0004,023034,1967,01,14.7,Y
IDCJAC0004,023034,1967,02,15.9,Y
IDCJAC0004,023034,1967,03,13.3,Y
IDCJAC0004,023034,1967,04,11.7,Y
IDCJAC0004,023034,1967,05,7.6,Y
IDCJAC0004,023034,1967,06,5.9,Y
IDCJAC0004,023034,1967,07,6.5,Y
IDCJAC0004,023034,1967,08,5.6,Y
IDCJAC0004,023034,1967,09,8.1,Y
IDCJAC0004,023034,1967,10,10.2,Y
IDCJAC0004,023034,1967,11,12.5,Y
IDCJAC0004,023034,1967,12,14.1,Y
IDCJAC0004,023034,1968,01,17.3,Y
IDCJAC0004,023034,1968,02,17.5,Y
IDCJAC0004,023034,1968,03,15.8,Y
IDCJAC0004,023034,1968,04,14.0,Y
IDCJAC0004,023034,1968,05,9.7,Y
IDCJAC0004,023034,1968,06,7.5,Y
IDCJAC0004,023034,1968,07,5.4,Y
IDCJAC0004,023034,1968,08,6.9,Y
IDCJAC0004,023034,1968,09,7.3,Y
IDCJAC0004,023034,1968,10,10.3,Y
IDCJAC0004,023034,1968,11,11.4,Y
IDCJAC0004,023034,1968,12,13.0,Y
IDCJAC0004,023034,1969,01,16.2,Y
IDCJAC0004,023034,1969,02,15.7,Y
IDCJAC0004,023034,1969,03,13.8,Y
IDCJAC0004,023034,1969,04,11.6,Y
IDCJAC0004,023034,1969,05,7.6,Y
IDCJAC0004,023034,1969,06,7.3,Y
IDCJAC0004,023034,1969,07,7.9,Y
IDCJAC0004,023034,1969,08,6.7,Y
IDCJAC0004,023034,1969,09,6.8,Y
IDCJAC0004,023034,1969,10,9.7,Y
IDCJAC0004,023034,1969,11,11.3,Y
IDCJAC0004,023034,1969,12,12.1,Y
IDCJAC0004,023034,1970,01,13.5,Y
IDCJAC0004,023034,1970,02,15.0,Y
IDCJAC0004,023034,1970,03,12.3,Y
IDCJAC0004,023034,1970,04,12.8,Y
IDCJAC0004,023034,1970,05,9.0,Y
IDCJAC0004,023034,1970,06,9.0,Y
IDCJAC0004,023034,1970,07,6.9,Y
IDCJAC0004,023034,1970,08,6.4,Y
IDCJAC0004,023034,1970,09,8.3,Y
IDCJAC0004,023034,1970,10,9.3,Y
IDCJAC0004,023034,1970,11,12.1,Y
IDCJAC0004,023034,1970,12,13.8,Y
IDCJAC0004,023034,1971,01,14.6,Y
IDCJAC0004,023034,1971,02,16.7,Y
IDCJAC0004,023034,1971,03,17.1,Y
IDCJAC0004,023034,1971,04,13.8,Y
IDCJAC0004,023034,1971,05,9.8,Y
IDCJAC0004,023034,1971,06,8.6,Y
IDCJAC0004,023034,1971,07,6.4,Y
IDCJAC0004,023034,1971,08,7.2,Y
IDCJAC0004,023034,1971,09,7.8,Y
IDCJAC0004,023034,1971,10,9.6,Y
IDCJAC0004,023034,1971,11,11.4,Y
IDCJAC0004,023034,1971,12,13.3,Y
IDCJAC0004,023034,1972,01,14.5,Y
IDCJAC0004,023034,1972,02,16.3,Y
IDCJAC0004,023034,1972,03,12.1,Y
IDCJAC0004,023034,1972,04,11.4,Y
IDCJAC0004,023034,1972,05,7.9,Y
IDCJAC0004,023034,1972,06,4.1,Y
IDCJAC0004,023034,1972,07,8.2,Y
IDCJAC0004,023034,1972,08,8.0,Y
IDCJAC0004,023034,1972,09,8.5,Y
IDCJAC0004,023034,1972,10,9.9,Y
IDCJAC0004,023034,1972,11,11.7,Y
IDCJAC0004,023034,1972,12,14.1,Y
IDCJAC0004,023034,1973,01,18.1,Y
IDCJAC0004,023034,1973,02,16.8,Y
IDCJAC0004,023034,1973,03,14.2,Y
IDCJAC0004,023034,1973,04,13.3,Y
IDCJAC0004,023034,1973,05,10.0,Y
IDCJAC0004,023034,1973,06,6.5,Y
IDCJAC0004,023034,1973,07,7.1,Y
IDCJAC0004,023034,1973,08,8.1,Y
IDCJAC0004,023034,1973,09,10.0,Y
IDCJAC0004,023034,1973,10,11.4,Y
IDCJAC0004,023034,1973,11,11.5,Y
IDCJAC0004,023034,1973,12,15.8,Y
IDCJAC0004,023034,1974,01,19.0,Y
IDCJAC0004,023034,1974,02,15.4,Y
IDCJAC0004,023034,1974,03,16.4,Y
IDCJAC0004,023034,1974,04,12.8,Y
IDCJAC0004,023034,1974,05,8.8,Y
IDCJAC0004,023034,1974,06,7.3,Y
IDCJAC0004,023034,1974,07,8.2,Y
IDCJAC0004,023034,1974,08,8.1,Y
IDCJAC0004,023034,1974,09,8.2,Y
IDCJAC0004,023034,1974,10,11.3,Y
IDCJAC0004,023034,1974,11,11.2,Y
IDCJAC0004,023034,1974,12,13.7,Y
IDCJAC0004,023034,1975,01,13.1,Y
IDCJAC0004,023034,1975,02,16.7,Y
IDCJAC0004,023034,1975,03,13.4,Y
IDCJAC0004,023034,1975,04,11.3,Y
IDCJAC0004,023034,1975,05,11.6,Y
IDCJAC0004,023034,1975,06,6.0,Y
IDCJAC0004,023034,1975,07,8.5,Y
IDCJAC0004,023034,1975,08,7.8,Y
IDCJAC0004,023034,1975,09,9.6,Y
IDCJAC0004,023034,1975,10,11.6,Y
IDCJAC0004,023034,1975,11,13.8,Y
IDCJAC0004,023034,1975,12,15.8,Y
IDCJAC0004,023034,1976,01,14.9,Y
IDCJAC0004,023034,1976,02,17.5,Y
IDCJAC0004,023034,1976,03,13.0,Y
IDCJAC0004,023034,1976,04,11.6,Y
IDCJAC0004,023034,1976,05,8.2,Y
IDCJAC0004,023034,1976,06,7.6,Y
IDCJAC0004,023034,1976,07,5.6,Y
IDCJAC0004,023034,1976,08,7.6,Y
IDCJAC0004,023034,1976,09,8.4,Y
IDCJAC0004,023034,1976,10,9.8,Y
IDCJAC0004,023034,1976,11,11.7,Y
IDCJAC0004,023034,1976,12,14.8,Y
IDCJAC0004,023034,1977,01,15.6,Y
IDCJAC0004,023034,1977,02,15.9,Y
IDCJAC0004,023034,1977,03,13.9,Y
IDCJAC0004,023034,1977,04,9.9,Y
IDCJAC0004,023034,1977,05,9.8,Y
IDCJAC0004,023034,1977,06,7.7,Y
IDCJAC0004,023034,1977,07,5.8,Y
IDCJAC0004,023034,1977,08,8.5,Y
IDCJAC0004,023034,1977,09,7.0,Y
IDCJAC0004,023034,1977,10,11.2,Y
IDCJAC0004,023034,1977,11,12.3,Y
IDCJAC0004,023034,1977,12,15.0,Y
IDCJAC0004,023034,1978,01,14.5,Y
IDCJAC0004,023034,1978,02,14.3,Y
IDCJAC0004,023034,1978,03,14.8,Y
IDCJAC0004,023034,1978,04,10.7,Y
IDCJAC0004,023034,1978,05,9.5,Y
IDCJAC0004,023034,1978,06,7.2,Y
IDCJAC0004,023034,1978,07,7.4,Y
IDCJAC0004,023034,1978,08,6.1,Y
IDCJAC0004,023034,1978,09,8.9,Y
IDCJAC0004,023034,1978,10,10.2,Y
IDCJAC0004,023034,1978,11,12.2,Y
IDCJAC0004,023034,1978,12,14.2,Y
IDCJAC0004,023034,1979,01,18.0,Y
IDCJAC0004,023034,1979,02,16.8,Y
IDCJAC0004,023034,1979,03,13.8,Y
IDCJAC0004,023034,1979,04,11.1,Y
IDCJAC0004,023034,1979,05,8.7,Y
IDCJAC0004,023034,1979,06,8.3,Y
IDCJAC0004,023034,1979,07,7.1,Y
IDCJAC0004,023034,1979,08,7.8,Y
IDCJAC0004,023034,1979,09,10.2,Y
IDCJAC0004,023034,1979,10,9.6,Y
IDCJAC0004,023034,1979,11,12.7,Y
IDCJAC0004,023034,1979,12,14.9,Y
IDCJAC0004,023034,1980,01,14.3,Y
IDCJAC0004,023034,1980,02,15.0,Y
IDCJAC0004,023034,1980,03,13.2,Y
IDCJAC0004,023034,1980,04,13.5,Y
IDCJAC0004,023034,1980,05,10.3,Y
IDCJAC0004,023034,1980,06,7.7,Y
IDCJAC0004,023034,1980,07,7.6,Y
IDCJAC0004,023034,1980,08,7.4,Y
IDCJAC0004,023034,1980,09,9.9,Y
IDCJAC0004,023034,1980,10,10.3,Y
IDCJAC0004,023034,1980,11,13.4,Y
IDCJAC0004,023034,1980,12,14.7,Y
IDCJAC0004,023034,1981,01,18.7,Y
IDCJAC0004,023034,1981,02,17.4,Y
IDCJAC0004,023034,1981,03,13.3,Y
IDCJAC0004,023034,1981,04,12.1,Y
IDCJAC0004,023034,1981,05,10.4,Y
IDCJAC0004,023034,1981,06,8.6,Y
IDCJAC0004,023034,1981,07,7.7,Y
IDCJAC0004,023034,1981,08,8.0,Y
IDCJAC0004,023034,1981,09,10.0,Y
IDCJAC0004,023034,1981,10,9.8,Y
IDCJAC0004,023034,1981,11,13.3,Y
IDCJAC0004,023034,1981,12,13.9,Y
IDCJAC0004,023034,1982,01,18.0,Y
IDCJAC0004,023034,1982,02,15.8,Y
IDCJAC0004,023034,1982,03,14.8,Y
IDCJAC0004,023034,1982,04,12.0,Y
IDCJAC0004,023034,1982,05,9.9,Y
IDCJAC0004,023034,1982,06,5.2,Y
IDCJAC0004,023034,1982,07,5.1,Y
IDCJAC0004,023034,1982,08,6.8,Y
IDCJAC0004,023034,1982,09,8.0,Y
IDCJAC0004,023034,1982,10,10.6,Y
IDCJAC0004,023034,1982,11,12.9,Y
IDCJAC0004,023034,1982,12,14.4,Y
IDCJAC0004,023034,1983,01,14.2,Y
IDCJAC0004,023034,1983,02,17.4,Y
IDCJAC0004,023034,1983,03,15.5,Y
IDCJAC0004,023034,1983,04,11.2,Y
IDCJAC0004,023034,1983,05,9.2,Y
IDCJAC0004,023034,1983,06,5.9,Y
IDCJAC0004,023034,1983,07,6.5,Y
IDCJAC0004,023034,1983,08,8.2,Y
IDCJAC0004,023034,1983,09,9.3,Y
IDCJAC0004,023034,1983,10,10.4,Y
IDCJAC0004,023034,1983,11,12.8,Y
IDCJAC0004,023034,1983,12,14.6,Y
IDCJAC0004,023034,1984,01,15.2,Y
IDCJAC0004,023034,1984,02,15.2,Y
IDCJAC0004,023034,1984,03,13.5,Y
IDCJAC0004,023034,1984,04,10.5,Y
IDCJAC0004,023034,1984,05,9.8,Y
IDCJAC0004,023034,1984,06,6.6,Y
IDCJAC0004,023034,1984,07,6.5,Y
IDCJAC0004,023034,1984,08,8.8,Y
IDCJAC0004,023034,1984,09,8.4,Y
IDCJAC0004,023034,1984,10,10.4,Y
IDCJAC0004,023034,1984,11,13.7,Y
IDCJAC0004,023034,1984,12,15.1,Y
IDCJAC0004,023034,1985,01,15.1,Y
IDCJAC0004,023034,1985,02,15.3,Y
IDCJAC0004,023034,1985,03,15.6,Y
IDCJAC0004,023034,1985,04,11.5,Y
IDCJAC0004,023034,1985,05,8.7,Y
IDCJAC0004,023034,1985,06,7.6,Y
IDCJAC0004,023034,1985,07,6.8,Y
IDCJAC0004,023034,1985,08,8.1,Y
IDCJAC0004,023034,1985,09,7.4,Y
IDCJAC0004,023034,1985,10,11.3,Y
IDCJAC0004,023034,1985,11,13.1,Y
IDCJAC0004,023034,1985,12,14.2,Y
IDCJAC0004,023034,1986,01,13.6,Y
IDCJAC0004,023034,1986,02,14.8,Y
IDCJAC0004,023034,1986,03,15.3,Y
IDCJAC0004,023034,1986,04,11.7,Y
IDCJAC0004,023034,1986,05,9.9,Y
IDCJAC0004,023034,1986,06,7.4,Y
IDCJAC0004,023034,1986,07,7.2,Y
IDCJAC0004,023034,1986,08,8.0,Y
IDCJAC0004,023034,1986,09,9.1,Y
IDCJAC0004,023034,1986,10,9.7,Y
IDCJAC0004,023034,1986,11,11.6,Y
IDCJAC0004,023034,1986,12,13.5,Y
IDCJAC0004,023034,1987,01,13.8,Y
IDCJAC0004,023034,1987,02,15.6,Y
IDCJAC0004,023034,1987,03,12.9,Y
IDCJAC0004,023034,1987,04,11.5,Y
IDCJAC0004,023034,1987,05,10.5,Y
IDCJAC0004,023034,1987,06,8.0,Y
IDCJAC0004,023034,1987,07,5.7,Y
IDCJAC0004,023034,1987,08,7.9,Y
IDCJAC0004,023034,1987,09,8.8,Y
IDCJAC0004,023034,1987,10,10.1,Y
IDCJAC0004,023034,1987,11,13.5,Y
IDCJAC0004,023034,1987,12,14.8,Y
IDCJAC0004,023034,1988,01,16.3,Y
IDCJAC0004,023034,1988,02,15.0,Y
IDCJAC0004,023034,1988,03,15.7,Y
IDCJAC0004,023034,1988,04,11.4,Y
IDCJAC0004,023034,1988,05,11.4,Y
IDCJAC0004,023034,1988,06,8.5,Y
IDCJAC0004,023034,1988,07,7.6,Y
IDCJAC0004,023034,1988,08,8.0,Y
IDCJAC0004,023034,1988,09,9.4,Y
IDCJAC0004,023034,1988,10,11.7,Y
IDCJAC0004,023034,1988,11,12.6,Y
IDCJAC0004,023034,1988,12,15.5,Y
IDCJAC0004,023034,1989,01,16.5,Y
IDCJAC0004,023034,1989,02,15.7,Y
IDCJAC0004,023034,1989,03,17.2,Y
IDCJAC0004,023034,1989,04,12.6,Y
IDCJAC0004,023034,1989,05,10.8,Y
IDCJAC0004,023034,1989,06,6.8,Y
IDCJAC0004,023034,1989,07,6.0,Y
IDCJAC0004,023034,1989,08,7.0,Y
IDCJAC0004,023034,1989,09,8.4,Y
IDCJAC0004,023034,1989,10,10.8,Y
IDCJAC0004,023034,1989,11,13.3,Y
IDCJAC0004,023034,1989,12,15.5,Y
IDCJAC0004,023034,1990,01,16.2,Y
IDCJAC0004,023034,1990,02,15.9,Y
IDCJAC0004,023034,1990,03,16.0,Y
IDCJAC0004,023034,1990,04,12.2,Y
IDCJAC0004,023034,1990,05,10.2,Y
IDCJAC0004,023034,1990,06,7.8,Y
IDCJAC0004,023034,1990,07,8.3,Y
IDCJAC0004,023034,1990,08,8.3,Y
IDCJAC0004,023034,1990,09,9.8,Y
IDCJAC0004,023034,1990,10,11.2,Y
IDCJAC0004,023034,1990,11,13.8,Y
IDCJAC0004,023034,1990,12,15.0,Y
IDCJAC0004,023034,1991,01,17.6,Y
IDCJAC0004,023034,1991,02,14.6,Y
IDCJAC0004,023034,1991,03,13.9,Y
IDCJAC0004,023034,1991,04,12.1,Y
IDCJAC0004,023034,1991,05,8.5,Y
IDCJAC0004,023034,1991,06,10.8,Y
IDCJAC0004,023034,1991,07,7.4,Y
IDCJAC0004,023034,1991,08,8.4,Y
IDCJAC0004,023034,1991,09,9.2,Y
IDCJAC0004,023034,1991,10,11.0,Y
IDCJAC0004,023034,1991,11,13.4,Y
IDCJAC0004,023034,1991,12,14.1,Y
IDCJAC0004,023034,1992,01,13.9,Y
IDCJAC0004,023034,1992,02,17.1,Y
IDCJAC0004,023034,1992,03,15.2,Y
IDCJAC0004,023034,1992,04,12.7,Y
IDCJAC0004,023034,1992,05,9.6,Y
IDCJAC0004,023034,1992,06,8.2,Y
IDCJAC0004,023034,1992,07,7.8,Y
IDCJAC0004,023034,1992,08,7.3,Y
IDCJAC0004,023034,1992,09,7.7,Y
IDCJAC0004,023034,1992,10,11.1,Y
IDCJAC0004,023034,1992,11,11.5,Y
IDCJAC0004,023034,1992,12,15.7,Y
IDCJAC0004,023034,1993,01,16.3,Y
IDCJAC0004,023034,1993,02,16.6,Y
IDCJAC0004,023034,1993,03,15.0,Y
IDCJAC0004,023034,1993,04,10.9,Y
IDCJAC0004,023034,1993,05,9.8,Y
IDCJAC0004,023034,1993,06,7.5,Y
IDCJAC0004,023034,1993,07,8.5,Y
IDCJAC0004,023034,1993,08,8.8,Y
IDCJAC0004,023034,1993,09,8.5,Y
IDCJAC0004,023034,1993,10,10.7,Y
IDCJAC0004,023034,1993,11,13.1,Y
IDCJAC0004,023034,1993,12,15.0,Y
IDCJAC0004,023034,1994,01,15.0,Y
IDCJAC0004,023034,1994,02,15.7,Y
IDCJAC0004,023034,1994,03,13.2,Y
IDCJAC0004,023034,1994,04,12.0,Y
IDCJAC0004,023034,1994,05,9.7,Y
IDCJAC0004,023034,1994,06,8.6,Y
IDCJAC0004,023034,1994,07,6.6,Y
IDCJAC0004,023034,1994,08,6.8,Y
IDCJAC0004,023034,1994,09,8.5,Y
IDCJAC0004,023034,1994,10,11.0,Y
IDCJAC0004,023034,1994,11,12.3,Y
IDCJAC0004,023034,1994,12,15.7,Y
IDCJAC0004,023034,1995,01,16.9,Y
IDCJAC0004,023034,1995,02,16.7,Y
IDCJAC0004,023034,1995,03,14.0,Y
IDCJAC0004,023034,1995,04,11.3,Y
IDCJAC0004,023034,1995,05,9.1,Y
IDCJAC0004,023034,1995,06,8.9,Y
IDCJAC0004,023034,1995,07,8.4,Y
IDCJAC0004,023034,1995,08,7.1,Y
IDCJAC0004,023034,1995,09,9.0,Y
IDCJAC0004,023034,1995,10,10.9,Y
IDCJAC0004,023034,1995,11,13.2,Y
IDCJAC0004,023034,1995,12,13.5,Y
IDCJAC0004,023034,1996,01,14.5,Y
IDCJAC0004,023034,1996,02,15.9,Y
IDCJAC0004,023034,1996,03,14.6,Y
IDCJAC0004,023034,1996,04,11.6,Y
IDCJAC0004,023034,1996,05,9.1,Y
IDCJAC0004,023034,1996,06,8.6,Y
IDCJAC0004,023034,1996,07,8.3,Y
IDCJAC0004,023034,1996,08,8.3,Y
IDCJAC0004,023034,1996,09,9.3,Y
IDCJAC0004,023034,1996,10,10.6,Y
IDCJAC0004,023034,1996,11,12.6,Y
IDCJAC0004,023034,1996,12,14.4,Y
IDCJAC0004,023034,1997,01,17.1,Y
IDCJAC0004,023034,1997,02,19.1,Y
IDCJAC0004,023034,1997,03,12.9,Y
IDCJAC0004,023034,1997,04,11.7,Y
IDCJAC0004,023034,1997,05,9.6,Y
IDCJAC0004,023034,1997,06,8.1,Y
IDCJAC0004,023034,1997,07,4.8,Y
IDCJAC0004,023034,1997,08,7.1,Y
IDCJAC0004,023034,1997,09,9.5,Y
IDCJAC0004,023034,1997,10,10.9,Y
IDCJAC0004,023034,1997,11,14.3,Y
IDCJAC0004,023034,1997,12,14.6,Y
IDCJAC0004,023034,1998,01,16.5,Y
IDCJAC0004,023034,1998,02,14.7,Y
IDCJAC0004,023034,1998,03,14.5,Y
IDCJAC0004,023034,1998,04,10.8,Y
IDCJAC0004,023034,1998,05,10.2,Y
IDCJAC0004,023034,1998,06,7.5,Y
IDCJAC0004,023034,1998,07,5.7,Y
IDCJAC0004,023034,1998,08,7.9,Y
IDCJAC0004,023034,1998,09,9.7,Y
IDCJAC0004,023034,1998,10,10.6,Y
IDCJAC0004,023034,1998,11,12.5,Y
IDCJAC0004,023034,1998,12,15.0,Y
IDCJAC0004,023034,1999,01,18.1,Y
IDCJAC0004,023034,1999,02,18.1,Y
IDCJAC0004,023034,1999,03,15.2,Y
IDCJAC0004,023034,1999,04,9.2,Y
IDCJAC0004,023034,1999,05,10.5,Y
IDCJAC0004,023034,1999,06,7.6,Y
IDCJAC0004,023034,1999,07,8.2,Y
IDCJAC0004,023034,1999,08,7.1,Y
IDCJAC0004,023034,1999,09,10.3,Y
IDCJAC0004,023034,1999,10,12.5,Y
IDCJAC0004,023034,1999,11,12.5,Y
IDCJAC0004,023034,1999,12,15.7,Y
IDCJAC0004,023034,2000,01,16.9,Y
IDCJAC0004,023034,2000,02,19.3,Y
IDCJAC0004,023034,2000,03,15.6,Y
IDCJAC0004,023034,2000,04,12.4,Y
IDCJAC0004,023034,2000,05,9.5,Y
IDCJAC0004,023034,2000,06,7.7,Y
IDCJAC0004,023034,2000,07,7.2,Y
IDCJAC0004,023034,2000,08,7.8,Y
IDCJAC0004,023034,2000,09,10.4,Y
IDCJAC0004,023034,2000,10,11.3,Y
IDCJAC0004,023034,2000,11,16.3,Y
IDCJAC0004,023034,2000,12,15.2,Y
IDCJAC0004,023034,2001,01,19.2,Y
IDCJAC0004,023034,2001,02,19.0,Y
IDCJAC0004,023034,2001,03,14.1,Y
IDCJAC0004,023034,2001,04,11.0,Y
IDCJAC0004,023034,2001,05,8.9,Y
IDCJAC0004,023034,2001,06,9.0,Y
IDCJAC0004,023034,2001,07,6.7,Y
IDCJAC0004,023034,2001,08,8.9,Y
IDCJAC0004,023034,2001,09,10.4,Y
IDCJAC0004,023034,2001,10,10.7,Y
IDCJAC0004,023034,2001,11,12.2,Y
IDCJAC0004,023034,2001,12,13.2,Y
IDCJAC0004,023034,2002,01,15.1,Y
IDCJAC0004,023034,2002,02,14.8,Y
IDCJAC0004,023034,2002,03,13.6,Y
IDCJAC0004,023034,2002,04,12.0,Y
IDCJAC0004,023034,2002,05,10.5,Y
IDCJAC0004,023034,2002,06,8.4,Y
IDCJAC0004,023034,2002,07,7.8,Y
IDCJAC0004,023034,2002,08,6.5,Y
IDCJAC0004,023034,2002,09,9.8,Y
IDCJAC0004,023034,2002,10,10.4,Y
IDCJAC0004,023034,2002,11,13.2,Y
IDCJAC0004,023034,2002,12,15.0,Y
IDCJAC0004,023034,2003,01,17.0,Y
IDCJAC0004,023034,2003,02,16.6,Y
IDCJAC0004,023034,2003,03,12.3,Y
IDCJAC0004,023034,2003,04,11.2,Y
IDCJAC0004,023034,2003,05,9.8,Y
IDCJAC0004,023034,2003,06,9.0,Y
IDCJAC0004,023034,2003,07,6.6,Y
IDCJAC0004,023034,2003,08,7.1,Y
IDCJAC0004,023034,2003,09,8.9,Y
IDCJAC0004,023034,2003,10,8.9,Y
IDCJAC0004,023034,2003,11,13.7,Y
IDCJAC0004,023034,2003,12,16.0,Y
IDCJAC0004,023034,2004,01,14.8,Y
IDCJAC0004,023034,2004,02,16.7,Y
IDCJAC0004,023034,2004,03,13.1,Y
IDCJAC0004,023034,2004,04,12.8,Y
IDCJAC0004,023034,2004,05,8.5,Y
IDCJAC0004,023034,2004,06,9.4,Y
IDCJAC0004,023034,2004,07,7.6,Y
IDCJAC0004,023034,2004,08,8.3,Y
IDCJAC0004,023034,2004,09,8.4,Y
IDCJAC0004,023034,2004,10,11.2,Y
IDCJAC0004,023034,2004,11,13.3,Y
IDCJAC0004,023034,2004,12,15.0,Y
IDCJAC0004,023034,2005,01,16.1,Y
IDCJAC0004,023034,2005,02,14.7,Y
IDCJAC0004,023034,2005,03,13.3,Y
IDCJAC0004,023034,2005,04,12.9,Y
IDCJAC0004,023034,2005,05,9.4,Y
IDCJAC0004,023034,2005,06,8.7,Y
IDCJAC0004,023034,2005,07,7.1,Y
IDCJAC0004,023034,2005,08,8.0,Y
IDCJAC0004,023034,2005,09,9.0,Y
IDCJAC0004,023034,2005,10,11.8,Y
IDCJAC0004,023034,2005,11,13.5,Y
IDCJAC0004,023034,2005,12,16.1,Y
IDCJAC0004,023034,2006,01,19.3,Y
IDCJAC0004,023034,2006,02,15.3,Y
IDCJAC0004,023034,2006,03,15.7,Y
IDCJAC0004,023034,2006,04,12.1,Y
IDCJAC0004,023034,2006,05,8.6,Y
IDCJAC0004,023034,2006,06,4.8,Y
IDCJAC0004,023034,2006,07,6.8,Y
IDCJAC0004,023034,2006,08,6.9,Y
IDCJAC0004,023034,2006,09,9.3,Y
IDCJAC0004,023034,2006,10,10.5,Y
IDCJAC0004,023034,2006,11,13.5,Y
IDCJAC0004,023034,2006,12,14.8,Y
IDCJAC0004,023034,2007,01,17.9,Y
IDCJAC0004,023034,2007,02,17.7,Y
IDCJAC0004,023034,2007,03,15.6,Y
IDCJAC0004,023034,2007,04,13.9,Y
IDCJAC0004,023034,2007,05,12.1,Y
IDCJAC0004,023034,2007,06,6.3,Y
IDCJAC0004,023034,2007,07,7.0,Y
IDCJAC0004,023034,2007,08,7.4,Y
IDCJAC0004,023034,2007,09,10.0,Y
IDCJAC0004,023034,2007,10,11.2,Y
IDCJAC0004,023034,2007,11,13.8,Y
IDCJAC0004,023034,2007,12,15.3,Y
IDCJAC0004,023034,2008,01,16.5,Y
IDCJAC0004,023034,2008,02,15.6,Y
IDCJAC0004,023034,2008,03,16.7,Y
IDCJAC0004,023034,2008,04,11.5,Y
IDCJAC0004,023034,2008,05,9.7,Y
IDCJAC0004,023034,2008,06,8.6,Y
IDCJAC0004,023034,2008,07,7.2,Y
IDCJAC0004,023034,2008,08,6.4,Y
IDCJAC0004,023034,2008,09,8.4,Y
IDCJAC0004,023034,2008,10,11.3,Y
IDCJAC0004,023034,2008,11,13.8,Y
IDCJAC0004,023034,2008,12,15.3,Y
IDCJAC0004,023034,2009,01,16.4,Y
IDCJAC0004,023034,2009,02,17.7,Y
IDCJAC0004,023034,2009,03,14.2,Y
IDCJAC0004,023034,2009,04,12.5,Y
IDCJAC0004,023034,2009,05,10.2,Y
IDCJAC0004,023034,2009,06,8.1,Y
IDCJAC0004,023034,2009,07,8.5,Y
IDCJAC0004,023034,2009,08,8.7,Y
IDCJAC0004,023034,2009,09,10.1,Y
IDCJAC0004,023034,2009,10,10.7,Y
IDCJAC0004,023034,2009,11,16.7,Y
IDCJAC0004,023034,2009,12,15.0,Y
IDCJAC0004,023034,2010,01,16.8,Y
IDCJAC0004,023034,2010,02,18.1,Y
IDCJAC0004,023034,2010,03,15.3,Y
IDCJAC0004,023034,2010,04,13.7,Y
IDCJAC0004,023034,2010,05,9.9,Y
IDCJAC0004,023034,2010,06,7.1,Y
IDCJAC0004,023034,2010,07,6.0,Y
IDCJAC0004,023034,2010,08,8.0,Y
IDCJAC0004,023034,2010,09,9.0,Y
IDCJAC0004,023034,2010,10,10.6,Y
IDCJAC0004,023034,2010,11,13.4,Y
IDCJAC0004,023034,2010,12,15.5,Y
IDCJAC0004,023034,2011,01,17.1,Y
IDCJAC0004,023034,2011,02,17.7,Y
IDCJAC0004,023034,2011,03,15.0,Y
IDCJAC0004,023034,2011,04,11.5,Y
IDCJAC0004,023034,2011,05,9.8,Y
IDCJAC0004,023034,2011,06,7.8,Y
IDCJAC0004,023034,2011,07,7.1,Y
IDCJAC0004,023034,2011,08,8.2,Y
IDCJAC0004,023034,2011,09,9.3,Y
IDCJAC0004,023034,2011,10,12.5,Y
IDCJAC0004,023034,2011,11,14.3,Y
IDCJAC0004,023034,2011,12,15.3,Y
IDCJAC0004,023034,2012,01,18.1,Y
IDCJAC0004,023034,2012,02,16.8,Y
IDCJAC0004,023034,2012,03,14.7,Y
IDCJAC0004,023034,2012,04,12.0,Y
IDCJAC0004,023034,2012,05,8.7,Y
IDCJAC0004,023034,2012,06,7.2,Y
IDCJAC0004,023034,2012,07,7.5,Y
IDCJAC0004,023034,2012,08,7.4,Y
IDCJAC0004,023034,2012,09,9.0,Y
IDCJAC0004,023034,2012,10,9.6,Y
IDCJAC0004,023034,2012,11,14.5,Y
IDCJAC0004,023034,2012,12,15.5,Y
IDCJAC0004,023034,2013,01,15.7,Y
IDCJAC0004,023034,2013,02,17.3,Y
IDCJAC0004,023034,2013,03,17.6,Y
IDCJAC0004,023034,2013,04,12.5,Y
IDCJAC0004,023034,2013,05,11.7,Y
IDCJAC0004,023034,2013,06,8.2,Y
IDCJAC0004,023034,2013,07,8.8,Y
IDCJAC0004,023034,2013,08,9.2,Y
IDCJAC0004,023034,2013,09,11.7,Y
IDCJAC0004,023034,2013,10,11.1,Y
IDCJAC0004,023034,2013,11,12.1,Y
IDCJAC0004,023034,2013,12,14.6,Y
IDCJAC0004,023034,2014,01,17.8,Y
IDCJAC0004,023034,2014,02,16.9,Y
IDCJAC0004,023034,2014,03,14.6,Y
IDCJAC0004,023034,2014,04,12.8,Y
IDCJAC0004,023034,2014,05,11.6,Y
IDCJAC0004,023034,2014,06,8.9,Y
IDCJAC0004,023034,2014,07,7.8,Y
IDCJAC0004,023034,2014,08,5.5,Y
IDCJAC0004,023034,2014,09,9.9,Y
IDCJAC0004,023034,2014,10,11.3,Y
IDCJAC0004,023034,2014,11,14.0,Y
IDCJAC0004,023034,2014,12,14.9,Y
IDCJAC0004,023034,2015,01,17.0,Y
IDCJAC0004,023034,2015,02,17.5,Y
IDCJAC0004,023034,2015,03,14.3,Y
IDCJAC0004,023034,2015,04,11.0,Y
IDCJAC0004,023034,2015,05,10.0,Y
IDCJAC0004,023034,2015,06,8.0,Y
IDCJAC0004,023034,2015,07,6.8,Y
IDCJAC0004,023034,2015,08,8.1,Y
IDCJAC0004,023034,2015,09,8.8,Y
IDCJAC0004,023034,2015,10,13.0,Y
IDCJAC0004,023034,2015,11,14.1,Y
IDCJAC0004,023034,2015,12,17.2,Y
IDCJAC0004,023034,2016,01,17.6,Y
IDCJAC0004,023034,2016,02,16.2,Y
IDCJAC0004,023034,2016,03,16.4,Y
IDCJAC0004,023034,2016,04,12.6,Y
IDCJAC0004,023034,2016,05,12.5,Y
IDCJAC0004,023034,2016,06,9.2,Y
IDCJAC0004,023034,2016,07,8.4,Y
IDCJAC0004,023034,2016,08,7.9,Y
IDCJAC0004,023034,2016,09,9.7,Y
IDCJAC0004,023034,2016,10,10.5,Y
IDCJAC0004,023034,2016,11,12.2,Y
IDCJAC0004,023034,2016,12,14.9,Y
IDCJAC0004,023034,2017,01,17.8,Y
IDCJAC0004,023034,2017,02,16.6,Y
IDCJAC0004,023034,2017,03,17.0,Y
IDCJAC0004,023034,2017,04,13.1,Y
IDCJAC0004,023034,2017,05,9.1,Y
IDCJAC0004,023034,2017,06,5.4,Y
IDCJAC0004,023034,2017,07,8.2,Y
IDCJAC0004,023034,2017,08,8.0,Y
IDCJAC0004,023034,2017,09,10.8,Y
IDCJAC0004,023034,2017,10,12.3,Y
IDCJAC0004,023034,2017,11,16.3,Y
IDCJAC0004,023034,2017,12,15.3,Y
IDCJAC0004,023034,2018,01,18.2,Y
IDCJAC0004,023034,2018,02,18.1,Y
IDCJAC0004,023034,2018,03,15.9,Y
IDCJAC0004,023034,2018,04,14.0,Y
IDCJAC0004,023034,2018,05,11.4,Y
IDCJAC0004,023034,2018,06,7.2,Y
IDCJAC0004,023034,2018,07,8.4,Y
IDCJAC0004,023034,2018,08,9.3,Y
IDCJAC0004,023034,2018,09,7.9,Y
IDCJAC0004,023034,2018,10,12.1,Y
IDCJAC0004,023034,2018,11,13.3,Y
IDCJAC0004,023034,2018,12,16.5,Y
IDCJAC0004,023034,2019,01,17.9,Y
IDCJAC0004,023034,2019,02,16.6,Y
IDCJAC0004,023034,2019,03,15.5,Y
IDCJAC0004,023034,2019,04,13.7,Y
IDCJAC0004,023034,2019,05,10.4,Y
IDCJAC0004,023034,2019,06,7.6,Y
IDCJAC0004,023034,2019,07,9.0,Y
IDCJAC0004,023034,2019,08,7.3,Y
IDCJAC0004,023034,2019,09,8.4,Y
IDCJAC0004,023034,2019,10,11.8,Y
IDCJAC0004,023034,2019,11,12.7,Y
IDCJAC0004,023034,2019,12,16.6,Y
IDCJAC0004,023034,2020,01,16.3,Y
IDCJAC0004,023034,2020,02,16.3,Y
IDCJAC0004,023034,2020,03,15.0,Y
IDCJAC0004,023034,2020,04,12.7,Y
IDCJAC0004,023034,2020,05,9.1,Y
IDCJAC0004,023034,2020,06,6.8,Y
IDCJAC0004,023034,2020,07,5.6,Y
IDCJAC0004,023034,2020,08,7.7,Y
IDCJAC0004,023034,2020,09,11.0,Y
IDCJAC0004,023034,2020,10,11.8,Y
IDCJAC0004,023034,2020,11,14.5,Y
IDCJAC0004,023034,2020,12,14.7,Y
IDCJAC0004,023034,2021,01,16.6,Y
IDCJAC0004,023034,2021,02,16.0,Y
IDCJAC0004,023034,2021,03,14.3,Y
IDCJAC0004,023034,2021,04,11.4,Y
IDCJAC0004,023034,2021,05,9.9,Y
IDCJAC0004,023034,2021,06,9.2,Y
IDCJAC0004,023034,2021,07,8.1,Y
IDCJAC0004,023034,2021,08,8.4,Y
IDCJAC0004,023034,2021,09,9.5,Y
IDCJAC0004,023034,2021,10,10.4,Y
IDCJAC0004,023034,2021,11,13.1,Y
IDCJAC0004,023034,2021,12,14.5,Y
IDCJAC0004,023034,2022,01,18.8,Y
IDCJAC0004,023034,2022,02,16.6,Y
IDCJAC0004,023034,2022,03,15.8,Y
IDCJAC0004,023034,2022,04,14.3,Y
IDCJAC0004,023034,2022,05,10.4,Y
IDCJAC0004,023034,2022,06,9.6,Y
IDCJAC0004,023034,2022,07,6.7,Y
IDCJAC0004,023034,2022,08,9.1,Y
IDCJAC0004,023034,2022,09,8.9,Y
IDCJAC0004,023034,2022,10,12.4,Y
IDCJAC0004,023034,2022,11,13.2,Y
IDCJAC0004,023034,2022,12,14.9,Y
IDCJAC0004,023034,2023,01,16.9,Y
IDCJAC0004,023034,2023,02,16.4,Y
IDCJAC0004,023034,2023,03,15.1,Y
IDCJAC0004,023034,2023,04,12.5,Y
IDCJAC0004,023034,2023,05,9.8,Y
IDCJAC0004,023034,2023,06,10.5,Y
IDCJAC0004,023034,2023,07,7.6,Y
IDCJAC0004,023034,2023,08,8.5,Y
IDCJAC0004,023034,2023,09,9.7,Y
IDCJAC0004,023034,2023,10,10.7,Y
IDCJAC0004,023034,2023,11,12.2,Y
IDCJAC0004,023034,2023,12,15.0,Y
IDCJAC0004,023034,2024,01,17.0,Y
IDCJAC0004,023034,2024,02,16.4,Y
IDCJAC0004,023034,2024,03,16.6,Y
IDCJAC0004,023034,2024,04,10.5,Y
IDCJAC0004,023034,2024,05,7.9,Y
IDCJAC0004,023034,2024,06,7.9,Y
IDCJAC0004,023034,2024,07,7.4,Y
IDCJAC0004,023034,2024,08,9.8,Y
IDCJAC0004,023034,2024,09,9.4,Y
IDCJAC0004,023034,2024,10,12.0,Y
IDCJAC0004,023034,2024,11,14.7,Y
IDCJAC0004,023034,2024,12,16.1,Y
IDCJAC0004,023034,2025,01,17.1,Y
IDCJAC0004,023034,2025,02,17.7,Y
IDCJAC0004,023034,2025,03,16.6,Y
IDCJAC0004,023034,2025,04,13.8,Y
IDCJAC0004,023034,2025,05,8.5,Y
IDCJAC0004,023034,2025,06,8.2,Y
IDCJAC0004,023034,2025,07,8.1,Y
IDCJAC0004,023034,2025,08,8.5,Y
IDCJAC0004,023034,2025,09,10.0,Y
IDCJAC0004,023034,2025,10,12.6,Y
IDCJAC0004,023034,2025,11,12.9,Y
IDCJAC0004,023034,2025,12,14.8,Y
IDCJAC0004,023034,2026,01,18.2,Y
IDCJAC0004,023034,2026,02,17.3,Y
